Наименование,Код,Артикул,Ед.,% НДС,Код для НН (по-умолч.),Комментарий
1,00-00000228,,пляш.,20%,,
"215/60 R17 96H NOKIAN SNOWPROOF 2 SUV Шина зимова (2025, Фінляндія)",00-00000369,,шт,20%,,
300.1006.3 Мембрана D.24 FKM,00-00000316,,шт,20%,,
Cross Evolution YSEO 10 kg HP (20x500G) сухі активні дріжджі,00-00000355,,кг,20%,,
Goferm Protect (Natstep) ,00000000085,,кг,20%,2102 20 19 00,
Lalvin BM  4*4  10 kg HP (20x500G) сухі активні дріджі,00-00000354,,кг,20%,,
Lalvin CY 3079  YSEO 10 kg HP (20x500G) сухі активні дріжджі,00-00000352,,кг,20%,,
Lalvin ICV / D254 (YSEO) 10 kg HP (20x500G) сухі активні дріжджі,00-00000351,,кг,20%,,
Lalvin QA23 (YSEO) 10 kg HP (20x500G) сухі активні дріжджі,00-00000350,,кг,20%,,
Lalvin RC 212 10 kg HP (20x500G) сухі активні дріжджі,00-00000348,,кг,20%,,
LALVIN VP 41 MBR 250G/250HL (Малолактичні бактерії ),00-00000359,,шт,20%,,
LALVIN VP 41 MBR 25G/25HL (Малолактичні бактерії ),00-00000356,,шт,20%,,
Livaferm BDX (YSEO) 10 кг HP (20х500G) сухі активні дріжджі,00-00000300,,кг,20%,,
PVPP V (POLIVINILPOLIPIRROLIDONE) P 1 KG (полівінілполіпіролідон),00-00000339,,кг,20%,,
Uvaferm BDX (YSEO) 10 kg HP (20x500G) сухі активні дріжджі,00-00000353,,кг,20%,,
VELLUTO EVOLUTION 10 KG  HP (20X500G)  ) сухі активні дріжджі,00-00000349,,кг,20%,,
WD 40 0.5л универсал.прон. ХАДО,00000000254,,пляш.,20%,,
Автоматичний вимикач,00000000116,,пляш.,20%,,
Айс,00-00000136,,пляш.,20%,,
Аккорд 5 л,00-00000043,,кг,20%,,
Акробат 1кг,00000000078,,кг,20%,,
Акумулятор автомобільний,00-00000034,,шт,20%,,
алмаз,00-00000032,,л.,20%,,
Альбариньо (Магнум),00-00000266,,пляш.,Без НДС,,
Амфора First Wine 2021,00-00000236,4820212630514,пляш.,20%,2204 21 97 00 ,
Амфора Рислинг 2020,00-00000202,4820212630484,пляш.,20%,2204 21 95 00 ,
Амфора Рислинг 2021,00-00000244,4820212630484,пляш.,20%,2204 21 95 00 ,
Амфора Рислинг 2022,00-00000276,4820212630484,пляш.,20%,2204 21 95 00 ,
Амфора Рислинг 2023,00-00000313,4820212630484,пляш.,20%,2204 21 95 00 ,
Амфора Ркацители 2020,00-00000203,4820212630491,пляш.,20%,2204 21 95 00 ,
Амфора Ркацители 2021,00-00000234,4820212630491,пляш.,20%,2204 21 95 00 ,
Амфора Ркацители 2022,00-00000287,4820212630491,пляш.,20%,2204 21 95 00 ,
Амфора Ркацители 2023,00-00000308,4820212630491,пляш.,20%,2204 21 95 00 ,
Амфора Ркацители 2024,00-00000347,4820212630491,пляш.,20%,2204 21 95 00 ,
анализ,00-00000022,,шт,20%,,
анализ,00-00000023,,шт,20%,,
Анализи,00-00000021,,шт,,,
Анкер (750*120*12),00000000045,,пляш.,20%,,
Анкерний трос,00000000050,,пляш.,Без НДС,,
Антракол 70 з.п. 10кг,00000000169,,пляш.,20%,,
Ао Каберне,00-00000253,,пляш.,Без НДС,,
АО ОЧ,00-00000254,4820212630033,пляш.,20%,2204 21 98 00 ,
АО Ркацители,00-00000255,,пляш.,Без НДС,,
АО Фетяска,00-00000252,4820212630057,пляш.,Без НДС,2204 21 97 00 ,
Арбина 2014,00-00000101,,пляш.,20%,,SOLD OUT
Арбина 2015  ,00-00000093,,пляш.,20%,,
Арбіна 2013,00-00000251,,пляш.,Без НДС,,
Арбіна 2013 (Магнум),00-00000265,,пляш.,Без НДС,,
Арбіна 2016,00-00000119,4820212630293,пляш.,20%,2204 21 97 00,
Арбіна 2017,00-00000173,4820212630293,пляш.,20%,2204 21 97 00,
Арбіна 2018,00-00000181,4820212630293,пляш.,20%,2204 21 97 00 ,
Арбіна 2019,00-00000219,4820212630293,пляш.,20%,2204 21 95 00 ,
Арбіна 2020,00-00000291,4820212630293,пляш.,20%,2204 21 95 00 ,
Арбіна 2020 (Оранж Вікторія),00-00000301,4820212630293,пляш.,20%,2204 21 95 00 ,
Арбіна 2021,00-00000315,4820212630293,пляш.,20%,2204 21 95 00 ,
Арбіна 2022,00-00000318,4820212630293,пляш.,20%,2204 21 95 00 ,
Арбіна 2023,00-00000371,4820212630293,пляш.,20%,2204 21 95 00 ,
аренда,00000000036,,пляш.,Без НДС,,
Ареометр АСП-1 10-20,00000000239,,пляш.,20%,,
Артания,00-00000144,,,,,
Артания белое ( Bag-in-Box 10л ) 2019,00-00000222,4820212630095,шт,20%,,
Артания белое 2017,00-00000076,,пляш.,20%,,
Артания белое 2018,00-00000111,4820212630095,пляш.,20%,2204 21 97 00,
Артания белое 2019,00-00000190,4820212630095,пляш.,20%,2204 21 97 00 ,
Артания белое 2020,00-00000205,4820212630095,пляш.,20%,2204 21 97 00 ,
Артания белое 2021,00-00000246,4820212630095,пляш.,20%,2204 21 97 00 ,
Артания белое 2022,00-00000277,4820212630095,пляш.,20%,2204 21 97 00 ,
Артания белое 2022 покупное,00-00000299,4820212630095,пляш.,20%,,
Артания белое 2023,00-00000317,4820212630095,пляш.,20%,2204 21 97 00 ,
Артания белое 2024,00-00000357,4820212630095,пляш.,20%,2204 21 97 00 ,
Артания красное ( Bag-in-Box 10л ) 2019,00-00000223,4820212630095,шт,20%,,
Артания красное 2014,00-00000130,,пляш.,20%,,
Артания красное 2015,00-00000104,4820212630088,пляш.,20%,2204 21 98 00,
Артания красное 2017,00-00000077,,пляш.,20%,,
Артания красное 2018,00-00000112,4820212630088,пляш.,20%,2204 21 98 00,
Артания красное 2019,00-00000184,4820212630088,пляш.,20%,2204 21 98 00 ,
Артания красное 2020,00-00000224,4820212630088,пляш.,20%,2204 21 98 00 ,
Артания красное 2021,00-00000249,4820212630088,пляш.,20%,2204 21 98 00 ,
Артания красное 2022,00-00000275,4820212630088,пляш.,20%,2204 21 98 00 ,
Артания красное 2023,00-00000329,4820212630088,пляш.,20%,2204 21 98 00 ,
Артания Резерв Красное 2012,00-00000270,,пляш.,20%,,
Артания Резерв Красное 2013,00-00000129,,пляш.,20%,,
Артания Резерв Красное 2014,00-00000105,,пляш.,20%,,
Артания Резерв Красное 2015,00-00000102,,пляш.,20%,,
Артания Резерв Красное 2016,00-00000140,4820212630217,пляш.,20%,2204 21 98 00,
Артания Резерв Красное 2017,00-00000179,4820212630217,пляш.,20%,,
Артания Резерв Красное 2017,00-00000177,4820212630217,пляш.,20%,2204 21 98 00 ,
Артания Резерв Красное 2018,00-00000199,4820212630217,пляш.,20%,2204 21 98 00 ,
"Артания Резерв червоне 0,750",00-00000164,,пляш.,20%,,
Артания розовое 2019,00-00000118,4820212630118 ,пляш.,20%,2204 21 98 00,
Артания розовое 2020,00-00000192,4820212630118 ,пляш.,20%,2204 21 98 00 ,
Артания розовое 2021,00-00000233,4820212630118 ,пляш.,20%,2204 21 98 00 ,
Артания розовое 2022,00-00000281,4820212630118 ,пляш.,20%,2204 21 98 00 ,
Артания розовое 2023,00-00000306,4820212630118 ,пляш.,20%,2204 21 98 00 ,
Артания розовое 2024,00-00000337,4820212630118 ,пляш.,20%,2204 21 98 00 ,
Артания розовое 2025,00-00000376,4820212630118 ,пляш.,20%,,
"АРТАНІЯ  червоне вино виноградне столове сухе  0,750",00000000271,,пляш.,20%,,
"АРТАНІЯ біле вино виноградне столове сухе 0,750",00000000270,,пляш.,20%,,
АРТАНІЯ Резерв 2015 ,00-00000098,,пляш.,20%,,
"АРТАНІЯ Резерв вино ординарне витримане столове сухе червоне 0,750",00-00000066,,пляш.,20%,,
"АРТАНІЯ Резерв ординарне витримане столове сухе червоне  0,750",00-00000065,,пляш.,20%,,
Артанія Резерв Червоне 2016,00-00000169,,пляш.,Без НДС,,
АРТАНІЯ рожеве 2018 ,00-00000075,,пляш.,20%,,
Артанія Червоне 2015,00-00000170,,пляш.,Без НДС,,
Артанія Червоне 2017,00-00000150,,пляш.,Без НДС,,
Атестація виробництва (для отримання ліцензії) ,00000000159,,пляш.,20%,,
Балазо 3л,00000000095,,пляш.,20%,,
Барвник 1301 RT 1л,00-00000366,,мл,20%,,
Барвник 1308 ТТ 1л,00-00000367,,мл,20%,,
Барвник 1314 VT 1л,00-00000368,,мл,20%,,
Бейкуш,00-00000166,,,,,
БЕЙКУШ бiле 2019 ,00-00000141,4820212630279,пляш.,20%,2204 21 97 00,
БЕЙКУШ бiле 2020,00-00000189,4820212630279,пляш.,20%,2204 21 97 00 ,
Бейкуш белое 2017,00-00000106,,пляш.,20%,,NOT_IN_SALE
БЕЙКУШ біле 2018 ,00-00000103,4820212630149,пляш.,20%,2204 21 97 00,
БЕЙКУШ біле 2020,00-00000195,4820212630279,пляш.,20%,2204 21 97 00 ,
БЕЙКУШ біле 2021,00-00000231,4820212630279,пляш.,20%,2204 21 97 00 ,
БЕЙКУШ біле 2022,00-00000278,4820212630279,пляш.,20%,2204 21 97 00 ,
БЕЙКУШ біле 2023,00-00000310,4820212630279,пляш.,20%,2204 21 97 00 ,
БЕЙКУШ біле 2024,00-00000332,4820212630279,пляш.,20%,2204 21 97 00 ,
Бейкуш Біле 2025,00-00000372,4820212630279,пляш.,20%,2204 21 97 00 ,
"БЕЙКУШ біле вино виноградне столове сухе 0,700",00000000272,,пляш.,20%,,
"Бейкуш біле вино виноградне столове сухе Фантазія Альбаріньо 0,750 ",00-00000084,,пляш.,20%,,
Бейкуш красное 2017,00-00000134,,пляш.,20%,,
Бейкуш Красное 2019,00-00000113,,пляш.,20%,,SOLD OUT
Бейкуш Красное 2020,00-00000182,4820212630477,пляш.,20%,2204 21 98 00 ,
Бейкуш Красное 2021,00-00000235,4820212630477,пляш.,20%,2204 21 98 00 ,
Бейкуш Красное 2022,00-00000283,4820212630477,пляш.,20%,2204 21 98 00 ,
Бейкуш Красное 2023,00-00000311,4820212630477,пляш.,20%,2204 21 98 00 ,
Бейкуш Красное 2024,00-00000334,4820212630477,пляш.,20%,2204 21 98 00 ,
Бейкуш Красное 2025,00-00000375,4820212630477,пляш.,20%,2204 21 98 00 ,
Бейкуш Піно Нуар 2017,00-00000116,4820212630354,пляш.,20%,2204 21 98 00,
Бейкуш Піно Нуар 2018,00-00000178,4820212630354,пляш.,20%,2204 21 98 00 ,
Бейкуш Піно Нуар 2019,00-00000201,4820212630354,пляш.,20%,2204 21 98 00,
Бейкуш Піно Нуар 2020,00-00000220,4820212630354,пляш.,20%,2204 21 96 00 ,
Бейкуш Піно Нуар 2021,00-00000288,4820212630354,пляш.,20%,2204 21 96 00 ,
Бейкуш Піно Нуар 2022,00-00000314,4820212630354,пляш.,20%,2204 21 96 00 ,
Бейкуш Піно Нуар 2023,00-00000345,4820212630354,пляш.,20%,2204 21 96 00 ,
Бейкуш Резерв,00-00000167,,,,,
Бейкуш Резерв Піно Нуар 2017,00-00000171,,пляш.,Без НДС,,
Бейкуш Резерв Рислінг 2017,00-00000100,,пляш.,20%,,
Бейкуш Резерв Рислінг 2018,00-00000151,,пляш.,Без НДС,,
Бейкуш Резерв Совіньйон 2018,00-00000162,,пляш.,Без НДС,,
Бейкуш Резерв Совіньон,00-00000163,,пляш.,Без НДС,,
Бейкуш Рислинг 2018,00-00000121,4820212630163 ,пляш.,20%,2204 21 97 00,
Бейкуш Рислинг 2019,00-00000188,4820212630163 ,пляш.,20%,2204 21 97 00 ,
Бейкуш Рислинг 2020,00-00000232,4820212630163 ,пляш.,20%,2204 21 95 00 ,
Бейкуш Рислинг 2021,00-00000273,4820212630163 ,пляш.,20%,2204 21 95 00 ,
"Бейкуш Рислінг ординарне витримане столове сухе сортове біле 0,750 ",00-00000092,,пляш.,20%,,
Бейкуш Ркацители 2019 ,00-00000123,4820212630323,пляш.,20%,2204 21 97 00,
Бейкуш Ркацители 2020 ,00-00000187,4820212630323,пляш.,20%,2204 21 97 00 ,
Бейкуш Ркацителі 2019,00-00000154,,пляш.,Без НДС,,
"БЕЙКУШ рожеве вино виноградне столове сухе, 0,750",00-00000002,,пляш.,,,
Бейкуш Совиньон 2017,00-00000110,4820212630187,пляш.,20%,2204 21 97 00,
Бейкуш Совиньон 2018,00-00000142,4820212630187,пляш.,20%,2204 21 97 00,
Бейкуш Совиньон 2019,00-00000206,4820212630187,пляш.,20%,,
Бейкуш Совиньон 2019,00-00000210,4820212630187,пляш.,20%,,
Бейкуш Совиньон 2020,00-00000243,4820212630187,пляш.,20%,2204 21 95 00 ,
Бейкуш Совиньон 2021,00-00000292,4820212630187,пляш.,20%,2204 21 95 00 ,
"Бейкуш Совіньон ординарне витримане столове сухе сортове біле 0,750 ",00-00000091,,пляш.,20%,,
Бейкуш Тельти-Курук 2019 ,00-00000126,,пляш.,20%,2204 21 97 00 ,SOLD OUT
Бейкуш Тельти-Курук 2020 ,00-00000183,4820212630347,пляш.,20%,2204 21 97 00 ,SOLD OUT
Бейкуш Тельти-Курук 2021,00-00000241,4820212630347,пляш.,20%,2204 21 97 00 ,SOLD OUT
Бейкуш Тельти-Курук 2022,00-00000284,4820212630347,пляш.,20%,2204 21 97 00 ,SOLD OUT
Бейкуш Тельти-Курук 2023,00-00000305,4820212630347,пляш.,20%,2204 21 95 00 ,SOLD OUT
Бейкуш Тельти-Курук 2024,00-00000333,4820212630347,пляш.,20%,2204 21 97 00 ,SOLD OUT
"Бейкуш Фантазія біле вино ординарне витримане столове сухе 0,750",00-00000085,,пляш.,20%,,
"Бейкуш Фантазія Тиморассо біле вино ординарне витримане столове сухе 0,750",00-00000095,,пляш.,20%,,
"БЕЙКУШ червоне вино 2018 виноградне столове сухе 0,700",00-00000078,,пляш.,20%,,
"БЕЙКУШ червоне вино виноградне столове сухе 0,700",00000000273,,пляш.,20%,,
"БЕЙКУШ червоне вино виноградне столове сухе 2018 0,700",00-00000096,,пляш.,20%,,
Бейкуш Шардоне 2014 ,00-00000108,4820212630194,пляш.,20%,2204 21 97 00,
Бейкуш Шардоне 2015,00-00000107,4820212630194,пляш.,20%,2204 21 97 00,
Бейкуш Шардоне 2017,00-00000099,,пляш.,20%,,
Бейкуш Шардоне 2019,00-00000122,,пляш.,20%,,
Бейкуш Шардоне 2020,00-00000193,,пляш.,20%,2204 21 97 00 ,
Бейкуш Шардоне 2020,00-00000191,4820212630316,пляш.,20%,2204 21 97 00 ,
Бейкуш Шардоне 2021,00-00000242,4820212630316,пляш.,20%,2204 21 95 00 ,
Бейкуш Шардоне 2022,00-00000282,4820212630316,пляш.,20%,2204 21 95 00 ,
Бейкуш Шардоне 2023,00-00000312,4820212630316,пляш.,20%,2204 21 95 00 ,
Бейкуш Шардоне 2024,00-00000331,4820212630316,пляш.,20%,2204 21 95 00 ,
Бейкуш Шардоне 2025,00-00000374,4820212630316,пляш.,20%,2204 21 97 00 ,
Бейкуш Шардоне Резерв 2018 ,00-00000125,4820212630385,пляш.,20%,2204 21 97 00,
Бейкуш Шардоне Резерв 2019 ,00-00000198,4820212630385,пляш.,20%,2204 21 95 00 ,
Бейкуш Шардоне Резерв 2020,00-00000247,4820212630385,пляш.,20%,,
Бейкуш Шардоне Резерв 2021,00-00000289,4820212630385,пляш.,20%,2204 21 95 00 ,
Бейкуш Шардоне Резерв 2022,00-00000320,4820212630385,пляш.,20%,2204 21 95 00 ,
Бейкуш Шардоне Резерв 2023,00-00000346,4820212630385,пляш.,20%,2204 21 95 00 ,
Бейкуш Шардоне-Рислинг 2015 ,00-00000097,,пляш.,20%,,
Бейкуш Шардоне-Рислинг 2017 ,00-00000133,,пляш.,20%,,
Бейкуш Шардоне-Рислінг 2014,00-00000109,4820212630200,пляш.,20%,2204 21 97 00,
Бензин А-92,00000000162,,л.,20%,,
Бензин А-92(Євро),00000000199,,пляш.,20%,,
Бензин А-95,00000000182,,л.,20%,,
Бензин А-95,00000000163,,л.,20%,,
Бентоніт електра,00-00000008,,кг,,,
благотворительность,00000000114,,пляш.,Без НДС,,
Божоле,00-00000302,,шт,20%,,
Болт кардан 24 з гайкою шт,00000000260,,пляш.,20%,,
Борона зубова важка,00000000057,,пляш.,20%,,
Ботинки,00-00000026,,шт,20%,,
Бочка дубова 225 л,00-00000004,,пляш.,20%,,
Бочка дубова 375 л,00-00000005,,пляш.,20%,,
Брендована продукція,00-00000172,,шт,,,
"Буклет ""Бейкуш""",00-00000327,,шт,Без НДС,,
Бур,00000000092,,пляш.,20%,,
Бур 8Х100,00000000093,,пляш.,20%,,
Бутылка,00-00000226,,шт,20%,,
Бутылка винная 700,00000000204,,пляш.,20%,,
Бутылка винная 750,00000000205,,пляш.,20%,,
бухобслуживание,00000000014,,пляш.,Без НДС,,
Бюретка 1,00000000149,,пляш.,20%,,
Бюретка 2,00000000150,,пляш.,20%,,
Бюретка 25,00000000151,,пляш.,20%,,
В ПРОДАЖЕ,00-00000215,,,,,
ВА 47-29,00000000225,,пляш.,20%,,
Ваги електронні ВПЕ-Центровес-300-405-СМ1,00000000174,,пляш.,20%,,
Важіль регулятора тиску,00000000248,,пляш.,20%,,
Вал карданный,00000000173,,пляш.,20%,,
Весы электронные ВПЕ-Центрвес 300-405-СМ1,00000000212,,пляш.,20%,,
Визначення безпеки у винограді,00000000083,,пляш.,20%,,
Вимикач 1кл,00000000120,,пляш.,20%,,
Вимикач 2кл,00000000119,,пляш.,20%,,
Вимірювання місткості ємності для харчових рідин до 100 куб.дм.,00000000217,,пляш.,20%,,
Вимірювання місткості ємності для харчових рідин до 200 куб.дм.,00000000216,,пляш.,20%,,
Вина,00-00000145,,,,,
винна кислота,00-00000030,,кг,20%,,
"Вино  “Артанія” ординарне столове сухе біле 2020 Пляшка скляна, колір оливковий, місткість 0,75 л",00-00000217,,пляш.,20%,,
"Вино  “Артанія” ординарне столове сухе червоне 2020 Пляшка скляна, колір оливковий, місткість 0,75 л",00-00000218,,пляш.,20%,,
Вино виноградне ординарне столове сухе біле АРТАНІЯ,00000000265,,пляш.,20%,,
Вино виноградне ординарне столове сухе біле БЕЙКУШ,00000000263,,пляш.,20%,,
Вино виноградне ординарне столове сухе червоне  АРТАНІЯ,00000000264,,пляш.,20%,,
Вино виноградне ординарне столове сухе червоне БЕЙКУШ,00000000266,,пляш.,20%,,
Вино сухе столове Кара Кермен 2014,00-00000271,,пляш.,20%,,
Вино тихе сухе столове Beykush Reserv Chardonnay (White UA),00-00000343,4820212630385,пляш.,20%,2204 21 95 00 ,
Вино у пляшках,00000000267,,,,,
Вино у пляшках 2020,00-00000137,,,,,
Вино у шт,00000000262,,,,,
Виноград,00000000233,,кг,20%,,
Виноград,00000000082,,кг,20%,,
Виноград Ркацителі,00000000081,,кг,20%,,
Виноматериал,00-00000063,,л.,Без НДС,,
Відцентровий насос NOVAX 20-B 230 Va. c. HP 0.50-95C Liquid max,00-00000082,,шт,20%,,
Вода для цеха,00-00000015,,м3,,,
Вода кавунова UFC,00-00000260,,шт,20%,,
Вода мінеральна Evian,00-00000262,,шт,20%,,
Вода мінеральна Voss негазована,00-00000261,,шт,20%,,
Водяной счетчик,00000000160,,пляш.,20%,,
"Г/комплект 6х0,75 бейкуш вайнери",00-00000053,,шт,,,
газ,00-00000028,,л.,20%,,
Гайка для фільтра всмоктуючого,00000000098,,пляш.,20%,,
Герметик-прокладка (85 грн),00000000275,,пляш.,20%,,
Гигрометр психометрический ВІТ-1 ТУ 3,00000000188,,пляш.,20%,,
Гигрометр психометрический ВІТ-2 ТУ 3,00000000189,,пляш.,20%,,
Годинник пісочний,00000000154,,пляш.,20%,,
Гофротруба,00000000230,,пляш.,20%,,
Датчик х/хода 406,00000000253,,пляш.,20%,,
дегустації,00-00000240,,шт,20%,,
Дезинфицирующее средство РЕ15 neoseptal,00000000201,,пляш.,20%,,
Демітан 200 к.с. (1л),00000000067,,л.,20%,,
Джутова пряжа трьохниткова,00000000065,,кг,20%,,
Диз.Паливо,00000000161,,л.,20%,,
Динали 90 ДС,00000000170,,пляш.,20%,,
"Диск пильний ECO WO 254[30-80T,BOSCH 2608644384",00-00000362,,шт,20%,,
Док Про 2 кг,00000000211,,пляш.,20%,,
доставка,00-00000135,,грн,Без НДС,,
"Дріт оцинкований т/н ф 1,2",00000000052,,м,20%,,
Дріт оцинкований т/н ф 2.5,00000000062,,тн.,20%,,
"Дріт оцинкований т/н ф 3,0",00000000046,,м,20%,,
Електротехнічні вимірювання електроустаткування цеху,00000000129,,пляш.,20%,,
"Емаль ПФ-115 0,9 кг 512 біла акація",00000000240,,пляш.,20%,,
"Емаль ПФ-115 0,9 кг 516 попелясто-сіра",00000000243,,пляш.,20%,,
"Емаль ПФ-115 0,9 кг 575 червона калина",00000000241,,пляш.,20%,,
"Емаль ПФ-115 0,9 кг 576 стигла вишня",00000000242,,пляш.,20%,,
Етикетка Вино Артания біле,00-00000046,,шт,,,
Етикетка Вино Артания розовое,00-00000033,,шт,,,
Етикетка Вино Артания червоне,00-00000047,,шт,,,
Етикетка Вино Бейкуш біле,00-00000044,,шт,,,
Етикетка Вино Бейкуш рожеве,00-00000014,,шт,,,
Етикетка Вино Бейкуш червоне,00-00000045,,шт,,,
"Етикетка з лого ""Ельмотех""",00-00000207,,пляш.,20%,,
"Ємність нерж.для вина з пневматичною плаваючею кришкою, 1000л",00-00000001,,шт,20%,,
"Ємність нерж.для вина з пневматичною плаваючею кришкою, 600л",00-00000006,,шт,20%,,
"Ємність нерж.для вина з пневматичною плаваючею кришкою, 600л",00-00000007,,шт,20%,,
Жилет утепленній,00-00000017,,шт,,,
Зажим анкерный ЗА 4х916-25),00000000214,,пляш.,20%,,
Запчасти к транспорту,00000000172,,,,,
Захистний склад д/деревени Aura Terrace 9л,00-00000365,,шт,20%,,
Земельна ділянка,00-00000267,,га,Без НДС,,
Знижка 12%,00-00000245,,шт,20%,,
зручна доставка,00-00000024,,шт,20%,,
зручна доставка,00-00000025,,шт,20%,,
Игристое белое,00-00000208, 4820212630446,пляш.,20%,2204 10 98 00 ,
Игристое розовое,00-00000175,4820212630460,пляш.,20%,2204 10 98 00 ,
Ингредиенты,00-00000143,,,,,
Информационно-технологическое сопровождение 1с,00000000209,,пляш.,Без НДС,,
Ізострічка червона,00000000123,,пляш.,20%,,
Ілюзія 2019,00-00000146,,пляш.,Без НДС,,
йод стандарт-титр ,00000000238,,упак.,20%,,
Кабель СИП-4 4х16 Ст,00000000213,,км,20%,,
Камелот,00000000210,,пляш.,20%,,
"Канал кабельний 25х25мм 2,00м",00000000125,,пляш.,20%,,
"Канал кабельний16х16мм 2,00м",00000000124,,пляш.,20%,,
Канонир Дуо 1л,00000000168,,пляш.,20%,,
Канцтовари,00-00000003,,шт,20%,,
Кара Кармен 2013 (магнум),00-00000264,,пляш.,20%,,
Кара Кармен 2017 (магнум),00-00000204,,пляш.,20%,,
Кара Кермен 2015,00-00000094,4820212630231,пляш.,20%,2204 21 98 00,
Кара Кермен 2016,00-00000114,4820212630309,пляш.,20%,2204 21 98 00,
Кара Кермен 2017,00-00000180,4820212630309,пляш.,20%,2204 21 98 00 ,
Кара Кермен 2018,00-00000256,4820212630309,пляш.,20%,2204 21 98 00 ,
Кара Кермен 2018 (магнум),00-00000269,,пляш.,20%,,
Кара Кермен 2019,00-00000296,4820212630309,пляш.,20%,2204 21 98 00 ,
Кара Кермен 2019 (магнум),00-00000297,,пляш.,20%,,
Кара Кермен 2020,00-00000321,4820212630309,пляш.,20%,2204 21 98 00 ,
Кара Кермен 2020 (магнум),00-00000322,4820212630309,пляш.,20%,2204 21 98 00 ,
Кара Кермен 2021,00-00000344,4820212630309,пляш.,20%,2204 21 98 00 ,
"КАРА КЕРМЕН вино ординарне витримане столове спеціального типу сухе червоне 0,700 ",00-00000080,,пляш.,20%,,
Картон фільтрувальний,00-00000011,,шт,,,
Каток,00000000013,,пляш.,20%,,
Каток СБ,00000000038,,пляш.,20%,,
Кінцева опора  виноградників 2400*55*37 г/ц,00000000044,,пляш.,20%,,
Кінцева опора  виноградників 2500*60*40 г/ц,00000000048,,пляш.,20%,,
Ключ 15,00000000255,,пляш.,20%,,
колба 1-250,00000000155,,пляш.,20%,,
Колба 1-250-2,00000000158,,пляш.,20%,,
колба 1-500,00000000142,,пляш.,20%,,
колба 1000,00000000136,,пляш.,20%,,
колба 2-1000,00000000138,,пляш.,20%,,
колба 2-1000-2,00000000140,,пляш.,20%,,
колба 2-500,00000000137,,пляш.,20%,,
колба 250,00000000134,,пляш.,20%,,
колба 2а-100,00000000139,,пляш.,20%,,
колба 500,00000000135,,пляш.,20%,,
колба Бунзена 1-250,00000000141,,пляш.,20%,,
Колба Кн-3-500-50 ТС,00000000193,,пляш.,20%,,
колба мірна 9-750,00000000234,,пляш.,20%,,
колба мірна 9-750 з град.горловиною ГОСТ 12738-77 (1284),00-00000052,,шт,,,
колба плоскодонна,00000000235,,пляш.,20%,,
Колба с делениями Кн-2-250-50 ,00000000195,,пляш.,20%,,
Колба с делениями Кн-2-500-50 ТС,00000000194,,пляш.,20%,,
Кольт з.п. 20кг,00000000102,,пляш.,20%,,
Командор,00000000166,,л.,20%,,
Комплект взуття спеціального призначення,00-00000295,,пляш.,20%,,
Комплект одягу спеціального призначення,00-00000294,,комплект,20%,,
Консультационные услуги,00000000091,,пляш.,20%,,
"Контейнер Палокс 1200*1000*780мм, суцільна, 2 полоза з кришкою",00000000068,,пляш.,20%,,
"Контейнер пласт. 1200*1000*1000 мм, суц. сірий",00-00000087,,шт,20%,,
Копіювання НД  з використання паперових примірників,00000000128,,пляш.,20%,,
Костюм ПВХ,00-00000019,,шт,,,
"Коуш ф 4,0",00000000054,,пляш.,20%,,
Кран для контейнера BicBox (2 дюйма),00000000008,,пляш.,20%,,
Кран шаровый Гросс,00000000207,,пляш.,Без НДС,,
Крапельниця ,00000000143,,пляш.,20%,,
Краплеулавлювач ,00000000153,,пляш.,20%,,
"Кришка до Палоксу, чорна, 1210*1010 мм",00000000069,,пляш.,20%,,
"Кришка пластикова 1200*1000 мм, сіра",00-00000086,,шт,20%,,
Культиватор,00000000012,,пляш.,20%,,
"Культиватор навесной 2,5 м",00000000037,,пляш.,20%,,
Куртка утеплена,00-00000018,,шт,,,
лаборатория,00000000133,,,,,
Лампа диодн 4W,00000000131,,пляш.,20%,,
Лампа диодн 7W,00000000132,,пляш.,20%,,
ЛД 2023,00-00000370,,,,,
Лейка метал. CARLIFE FM 002 косая,00000000258,,пляш.,20%,,
Лерич 2020,00-00000263,4820212630507,пляш.,20%,2204 21 97 00 ,
Лерич 2021,00-00000293,4820212630309,пляш.,20%,2204 21 97 00 ,
Лерич 2022,00-00000324,4820212630507,пляш.,20%,2204 21 97 00 ,
Лерич 2023,00-00000336,4820212630507,пляш.,20%,,
Лист п/п 1200*1000,00-00000067,,шт,20%,,
Ліцензія для малих виробництв виноробної продукції ,00-00000328,,шт,Без НДС,,
Ліцензія на виробництво алкогольних напоїв,00000000261,,пляш.,Без НДС,,
Лока Дезерта,00-00000250,4820212630521,пляш.,20%,2204 21 98 00 ,
Лока Дезерта 2020,00-00000298,4820212630521,пляш.,20%,2204 21 98 00 ,
Лока Дезерта 2021,00-00000323,4820212630521,пляш.,20%,2204 21 98 00 ,
Лока Дезерта 2022,00-00000358,4820212630521,пляш.,20%,2204 21 98 00 ,
М/гідравл.(20л) HLP46,00000000276,,пляш.,20%,,
Малолактичні бактерії Uvaferm Beta MBR 25г.,00000000015,,упак.,20%,3002 90 50 00,
Марки акцизного податку АВ ВП,00-00000325,,шт,Без НДС,,
Материалы,00000000002,,,,,
Материалы,00000000011,,пляш.,20%,,
Медян Екстра 5л,00000000113,,пляш.,20%,,
Метабісульфіт калія( 1 кг),00000000175,,пляш.,20%,,
метиленовий блакитний ,00000000236,,пляш.,20%,,
Модем для счетчика,00000000228,,пляш.,20%,,
Монтаж контура заземления ,00000000196,,пляш.,20%,,
Монтаж сист охрани,00000000218,,пляш.,20%,,
"Монтаж сист пож сигнал,оповіщ, пусконалагодж роботи",00000000127,,пляш.,20%,,
Мотобур Олео-Мас МТЛ-51,00000000059,,пляш.,Без НДС,,
Мотопомпа ,00-00000073,,шт,20%,,
Моющее средство FA 18 neomoscan,00000000202,,пляш.,20%,,
Моющее средство SF niroklar,00000000203,,пляш.,20%,,
Набір для пропорційної одиниці BY MATIC 50,00000000250,,пляш.,20%,,
название вина,00-00000229,,,,,
Наконечник медно лужный,00000000226,,пляш.,20%,,
Нативо,00000000105,,кг,20%,,
"Натягувач дроту ""Medium""",00000000049,,пляш.,Без НДС,,
Натягувач ТМТ (Medium),00000000053,,пляш.,20%,,
Неактивные дрожжи Fermaid E,00000000221,,кг,20%,,
Неактивные дрожжи OPTI-MUM-WHITE,00000000073,,кг,20%,3507 90 90 00,
"Нектар Sandora апельсиновий, 0.95",00-00000257,,шт,20%,,
Нітроаммофоска 16 16 16 мішки 31052010,00000000063,,тн.,20%,,
Новалон фолиар,00-00000042,,тн.,20%,,
Оборудование для лаборатории,00000000187,,,,,
Оборудование к установке,00000000003,,,,,
"Обприскувач вентиляторний ""ВИХОР-2000""",00000000064,,пляш.,20%,,
"Обприскувач вентиляторний ""ВИХОР-2000""",00000000066,,пляш.,20%,,
обробка  данних,00000000103,,пляш.,Без НДС,,
"обучение ""Охорона праці""",00000000104,,пляш.,Без НДС,,
Огранізація та проведення дегустації,00-00000238,,шт,20%,,
ознайомлення з станом вир-ва продукц.,00000000112,,пляш.,Без НДС,,
Олива моторна,00-00000074,,шт,20%,,
определение коду уктзед,00000000089,,пляш.,20%,,
определение показателей,00000000090,,пляш.,20%,,
ОПС1-В,00000000224,,пляш.,20%,,
Організація екскурсійного обслуговування,00-00000211,,шт,20%,,
Організація та проведення дегустації,00-00000060,,шт,Без НДС,,
Організація та проведення дегустації,00-00000212,,пляш.,20%,,
Організація та проведення дегустації,00-00000237,,шт,20%,,
Організація та проведення дегустації,00-00000239,,шт,20%,,
Організація транспортноекспедиційних послуг з перевезення вантажу,00-00000309,,шт,20%,,
Організація тренінгу,00-00000209,,шт,20%,,
Отаман 20л,00000000096,,пляш.,20%,,
Оформление 1-ой заявки по присвоению штрихкода юр.лицо  ,00000000178,,пляш.,20%,,
Оформление вступит.пакета(штрихкоды),00000000177,,пляш.,20%,,
охрана,00000000222,,шт,20%,,
оценка відповідності,00000000108,,пляш.,20%,,
"Пакет ""Бейкуш""",00-00000326,,шт,Без НДС,,
Паливо дизельне,00000000164,,л.,20%,,
Параметризация многотар.счетчика,00000000186,,пляш.,20%,,
Пас1400 А(ЯРТ),00000000277,,пляш.,20%,,
"Пензель флейц ""Євро"" 1,5",00000000244,,пляш.,20%,,
"Пензель флейц ""Євро"" 2",00000000245,,пляш.,20%,,
"Пензель флейц ""Євро"" 2,5",00000000246,,пляш.,20%,,
Пенкоцеб 25кг,00000000165,,пляш.,20%,,
переоформление сертифіката,00-00000054,,шт,,,
Пет Нат,00-00000230,4820212630538,пляш.,20%,2204 10 98 00 ,
Пет Нат 2023,00-00000303,4820212630538,пляш.,20%,2204 10 98 00 ,
Пиринекс Супер 5л,00000000101,,пляш.,20%,,
піддон дерев яний,00-00000037,,шт,20%,,
Піддон дерев'яний,00-00000335,,шт,,,
підписка на інтернет видання,00-00000059,,шт,Без НДС,,
Пікнометр,00000000157,,пляш.,20%,,
"Піно Нуар ординарне витримане столове сухе сортове червоне 0,700",00-00000072,,пляш.,20%,,
Піпетка 3-2-2-10,00000000147,,пляш.,20%,,
Піпетка 3-2-2-25,00000000148,,пляш.,20%,,
Піпетка 3-2-2-5/121/122,00000000146,,пляш.,20%,,
Пластиковый контейнер Big Box,00000000040,,пляш.,20%,,
"пляшка винна безкольорова 750 тип ""Bordolesse USA 750ml""",00-00000068,,шт,20%,,
"пляшка винна кол. 700 тип ""Oreanda 700 ml""",00-00000035,,шт,20%,,
"пляшка винна кол. 750 тип ""Bordollesse USA 750 ml""",00-00000036,,шт,20%,,
"Пляшка скляна для напоїв з безбарвного скла, місткість 0,5л",00-00000213,,шт,20%,,
"Пляшка скляна для напоїв з безбарвного скла, номінальна місткість 0,75л",00-00000286,,шт,20%,,
"Пляшка скляна з кольорового скла для напоїв, номінальна містькість 0,75",00-00000285,,шт,20%,,
"Пляшка скляна з кольорового скла для напоїв, номінальна містькість 0,75 AUTHENTIQUE OAK",00-00000307,,шт,20%,,
Повірка іономірів та рН-метрів лабораторних,00000000130,,пляш.,20%,,
Повірка резервуарів вертикальних циліндричних за 1000 куб.дм.,00000000215,,пляш.,20%,,
Подарунковий сертифікат,00-00000174,,шт,20%,,
Подарунковий сертифікат 2023,00-00000268,,шт,20%,,
Подарунковий сертифікат 2024,00-00000304,,шт,20%,,
Подарункові сертифікати 1,00-00000216,,пляш.,20%,,
Подарункові сертифікати 2,00-00000221,,пляш.,20%,,
Подписка на периодику,00000000058,,пляш.,Без НДС,,
подпіска інтернет ізданія,00-00000058,,шт,,,
ПОЛІКЛІН,00-00000088,,кг,20%,,
Полуфабрикаты,00000000004,,,,,
посадка саженцев,00000000032,,пляш.,20%,,
поставка електроенергії,00-00000061,,шт,20%,,
Прибор для определения летучих кислот,00000000192,,пляш.,20%,,
Пристрій для внесення добрив,00000000061,,пляш.,20%,,
Приштамповый кол 20*30*1200мм,00000000051,,пляш.,Без НДС,,
Пробка,00-00000227,,шт,20%,,
"Пробка 39*23,5",00-00000038,,шт,,,
"Пробка 44*23,5",00-00000012,,шт,,,
Пробка для закупорювання пляшок ,00-00000214,,шт,20%,,
Пробка масивна,00000000156,,пляш.,20%,,
Пробка натуральна 45*24,00-00000013,,шт,,,
Проведение инвентаризации источников выбросов,00000000111,,пляш.,Без НДС,,
Провод ПВЗ 10,00000000231,,пляш.,20%,,
Провод ПВЗ 6,00000000229,,пляш.,20%,,
Провод ПВС,00000000115,,м,20%,,
Программа 1с 8,00000000208,,пляш.,20%,,
ПРОДАЖИ 2021,00-00000176,,,,,
ПРОДАЖИ 2023,00-00000272,,,,,
Продукция,00000000005,,,,,
Проміжна опора  виноградників 2400*55*37 г/ц,00000000043,,пляш.,20%,,
Пропорційна одиниця BY MATIC,00000000249,,пляш.,20%,,
просування продукції,00-00000031,,пляш.,20%,,
прочее,00000000035,,пляш.,20%,,
Реле 3110 4-х конт.АВАР,00000000251,,пляш.,20%,,
Ринкоцеб 1кг,00000000167,,пляш.,20%,,
Ркацители,00-00000186,,пляш.,20%,,
Роз єм пластмас. 5-ти міст.реле кондиц.,00000000252,,пляш.,20%,,
Розетка 1-на заземл,00000000118,,пляш.,20%,,
Розетка 2-на заземл,00000000117,,пляш.,20%,,
Розчин 64,00-00000089,,л.,20%,,
Рубін,00-00000342,,шт,20%,,
Рулетка 5мх25мм з магнітами BAUGUT 5G82BX,00-00000360,,шт,20%,,
Ручка склопід. ВАЗ 2101-07 метал АРОКИ,00000000259,,пляш.,20%,,
саженец Алиготе Франция 22/05/12,00000000025,,пляш.,20%,,
саженец Каберне Совиньен Италия  22/05/12,00000000029,,пляш.,20%,,
саженец Каберне Совиньен Франция 22/05/12,00000000024,,пляш.,20%,,
саженец Мерло Франция 22/05/12,00000000023,,пляш.,20%,,
саженец Мерло ЮАР 10/05/12,00000000017,,пляш.,20%,,
саженец Пино Нуар Италия 22/05/12,00000000027,,пляш.,20%,,
саженец Пино Нуар К5ВВ Италия 22/05/12,00000000031,,пляш.,20%,,
саженец Пино черный Франция 22/05/12,00000000020,,пляш.,20%,,
саженец Рислинг  Франция 22/05/12,00000000026,,пляш.,20%,,
саженец Ркацители Грузия 10/05/12,00000000019,,пляш.,20%,,
саженец Сапереви Грузия 10/05/12,00000000018,,пляш.,20%,,
саженец Совиньен зеленый Франция 22/05/12,00000000022,,пляш.,20%,,
саженец Тільті-курук сертифіковані 07/05/14,00000000071,,пляш.,20%,,
саженец Тільті-курук сертифіковані 07/05/14,00000000087,,пляш.,20%,,
саженец Траменер  Италия 22/05/12,00000000028,,пляш.,20%,,
саженец Шардоне Италия  22/05/12,00000000030,,пляш.,20%,,
саженец Шардоне Франция 22/05/12,00000000021,,пляш.,20%,,
"Саморіз для гіпсокартону по дереву, фосфатований3,5х55(уп-1000шт.)",00-00000364,,пак,20%,,
Система охраны,00000000219,,пляш.,20%,,
"Сік Sandora вишневий, 0.95",00-00000259,,шт,20%,,
"Сік Sandora мультифруктовий, 0.95",00-00000258,,шт,20%,,
Сірчані диски (1 кг),00000000274,,кг,20%,,
Сладкое белое,00-00000138,4820212630422,пляш.,20%,2204 21 97 00 ,
Сладкое красное,00-00000139,4820212630415,пляш.,20%,2204 21 98 00 ,
создание проекта насаждений,00000000033,,пляш.,20%,,
"Сольвент Хімтред (0,6 кг)",00000000247,,пляш.,20%,,
Сортовой состав,00-00000185,,,,,
Спецодежда,00-00000016,,,,,
Стандарное присоединение электроустановок 3-х фазное,00000000232,,пляш.,20%,,
стекло+топливопровод,00000000088,,пляш.,20%,,
стоянка грузового транспорта,00000000034,,пляш.,20%,,
"Стяжка 150х2,5 пласт",00000000126,,упак.,20%,,
Субаренда динамичная (э/э),00000000197,,пляш.,Без НДС,,
Суборенда помещения (предоплата за отопление),00000000183,,пляш.,Без НДС,,
"Суборенда помещения: г.Николаев, пр.Ленина 93д ",00000000184,,пляш.,Без НДС,,
Сувенірна продукція ,00-00000196,,шт,20%,,
супер бізон,00-00000055,,л.,20%,,
Сухі активні дріжджі  Cross Evolution  10kg,00-00000040,,кг,20%,,
Сухі активні дріжджі  Lalvin CY 10kg,00-00000039,,кг,20%,,
Сухі активні дріжджі  Lalvin ICV 10kg,00000000075,,кг,20%,2102 10 10 00,
Сухі активні дріжджі  Lalvin QA23 10kg,00000000076,,кг,20%,2102 10 10 00,
Сухі активні дріжджі  Lalvin RC 212 10kg HP,00000000084,,кг,20%,2102 10 10 00,
Сухі активні дріжджі  Lalvin ЕС 1118,00000000080,,кг,20%,2102 10 10 00,
Сухі активні дріжджі Enoferm 10kg,00000000072,,кг,20%,2102 10 10 00,
Сухі активні дріжджі Uvaferm  10kg,00000000220,,кг,20%,,
Счетчик АСЕ6000,00000000227,,пляш.,20%,,
Т/У ковпачок 31А*65 білий,00-00000056,,шт,,,
Т/У ковпачок 31А*65 чорний,00-00000057,,шт,,,
Танін ТАНАЛ W4 (TANAL W4),00-00000090,,кг,20%,,
Танос ,00000000107,,кг,20%,,
Тельті Курук 2025,00-00000373,4820212630347,пляш.,20%,2204 21 97 00 ,
Термометр ТТЖ-М вик.1 П1,00000000190,,пляш.,20%,,
Термометр ТТЖ-М вик.1 П4,00000000191,,пляш.,20%,,
тех.обслуживание,00000000047,,пляш.,20%,,
Тиовит Джет 20кг,00000000110,,пляш.,20%,,
Тіовіт Джет 80,00000000171,,кг,20%,,
Тіома 5л,00000000109,,пляш.,20%,,
Товар,00-00000330,,грн,20%,,
Товары,00000000001,,,,,
ТОП,00-00000168,,,,,
Топаз 5л,00000000099,,пляш.,20%,,
Топливо,00000000181,,,,,
Топливо дизельное Евро сорт С эколог.класс К5 (ДТ-Л-К5),00000000185,,л.,20%,,
Топсин М 500 5л,00000000106,,л.,20%,,
Трактор Беларус,00000000039,,пляш.,20%,8701 90 31 00,
"Трактор Беларус-921,3 (8701903100)",00000000009,,пляш.,20%,,
Трос сталевий Ф3 оцин 100м,00-00000064,,м,20%,,
"Трубка газотв. 4316,4213(инж)",00000000256,,пляш.,20%,,
Услуги,00000000006,,,,,
Услуги банка,00000000042,,пляш.,Без НДС,,
Услуги брокера,00000000016,,пляш.,Без НДС,,
Услуги в сфере охраны общественного порядка и безопасности,00000000179,,пляш.,20%,,
Участие в выставке,00000000041,,пляш.,Без НДС,,
Фалькон 5л,00000000094,,пляш.,20%,,
Фантазия,00-00000165,,,,,
Фантазия Альбариньо 2019 ,00-00000127,4820212630255,пляш.,20%,2204 21 97 00,
Фантазия Иллюзия  2019 ,00-00000117,4820212630248,пляш.,20%,2204 21 98 00,
Фантазия Иллюзия 2018,00-00000081,,пляш.,20%,,NOT_IN_SALE
Фантазия Пинотаж 2019 ,00-00000128,,пляш.,20%,,
Фантазия Тиморассо 2017,00-00000131,4820212630262,пляш.,20%,2204 21 97 00 ,
Фантазия Тиморассо 2018,00-00000120,4820212630262,пляш.,20%,2204 21 97 00,
Фантазия Тіморассо 2019,00-00000200,4820212630262,пляш.,20%,,
Фантазия Тіморассо 2020,00-00000248,4820212630262,пляш.,20%,2204 21 97 00 ,
Фантазія Альбариньо 2019,00-00000155,,пляш.,Без НДС,,
"Фантазія вино Бейкуш біле ординарне столове сухе 0,75 л",00-00000083,,пляш.,20%,,
Фантазія Пінотаж 2019,00-00000156,,пляш.,Без НДС,,
Фантазія Тіморассо 2018,00-00000157,,пляш.,Без НДС,,
Фартук гумовий,00-00000020,,шт,,,
фенолфталеїн чда,00000000237,,кг,20%,,
Фермент Lallzyme EX-V 10kg,00-00000041,,кг,20%,,
Фермент Lallzyme HC 10kg,00000000074,,кг,20%,3507 90 90 00,
Фермент Lallzyme Lyso 2.5kg,00000000070,,кг,20%,3507 90 90 00,
Фермент Lallzyme СВ 10kg,00000000176,,кг,20%,,
"фільтрелемент 30 дюйм  0,45 мкр",00-00000009,,шт,,,
фільтрелемент 30 дюйм  1 мкр,00-00000010,,шт,,,
Фін.підтр. по пр-ту Бізнес-міст в рамках європ. проекту Ukraine Ready4EU згідно дог.212 від4.02.25 з,00-00000340,,шт,20%,,
Фінансова підтримка по програмі Бізнес-міст в рамках європейського проекту Ukraine Ready4EU згідно д,00-00000341,,шт,20%,,
Хвостовик ВОМ МТЗ80,00000000079,,пляш.,20%,,
Холодильник ХШ1-400-29/32,00000000152,,пляш.,20%,,
Циліндр 1-50-2,00000000144,,пляш.,20%,,
Циліндр 1-500-2,00000000145,,пляш.,20%,,
ЧВ-Біта РН 2х50 2 шт. TOLSEN,00-00000361,,шт,20%,,
"ЧВ-Диск пильний по дереву 250х32 60 зуб. по дереву HAISSER(4311640) перех.кільця 16,20,25.4,30мм",00-00000363,,шт,20%,,
Шавит 1кг,00000000100,,пляш.,20%,,
Шардоне,00000000055,,га,20%,,
шардоне,00000000056,,пляш.,20%,,
"Шардоне ординарне витримане столове сухе сортове біле 0,700",00-00000070,,пляш.,20%,,
"Шардоне-Рислінг ординарне витримане столове сухе біле 0,700",00-00000071,,пляш.,20%,,
Шина нульова,00000000122,,пляш.,20%,,
Шланг гибкий газовый,00000000206,,пляш.,Без НДС,,
Шланг обігрів. D-20 мм 1м,00000000257,,м,20%,,
Шнек 20*100,00000000060,,пляш.,Без НДС,,
Шпагат п/п 2000,00000000097,,кг,20%,,
Шпагат п/п асортимент 1000,00000000077,,кг,20%,,
Щит учета 3ф счетчика,00000000223,,пляш.,20%,,
Щит учета 3ф счетчика навесной ЩУ-3/1-1 74 IP54,00000000198,,пляш.,20%,,
Щиток 2-6мод зовн,00000000121,,пляш.,20%,,
Юридические услуги,00000000086,,пляш.,Без НДС,,
Ярлик Вино Артанія біле,00-00000050,,пляш.,,,
Ярлик Вино Артанія червоне,00-00000051,,пляш.,,,
Ярлик Вино Бейкуш біле,00-00000048,,пляш.,,,
Ярлик Вино Бейкуш червоне,00-00000049,,пляш.,,,
Яфе Нагар,00-00000158,,пляш.,Без НДС,,
Яфе Нагар 2018 ,00-00000124,4820212630378 ,пляш.,20%,2204 21 97 00,
Яфе Нагар 2019,00-00000197,4820212630378 ,пляш.,20%,2204 21 97 00,
Яфе Нагар 2020,00-00000274,4820212630378 ,пляш.,20%,2204 21 97 00 ,
Яфе Нагар 2021,00-00000290,4820212630378 ,пляш.,20%,2204 21 97 00 ,
Яфе Нагар 2022,00-00000319,4820212630378 ,пляш.,20%,2204 21 97 00 ,
Яфе Нагар 2023,00-00000338,4820212630378 ,пляш.,20%,2204 21 97 00 ,
Ящик,00-00000194,,пляш.,20%,,
Ящик винный,00000000200,,пляш.,Без НДС,,
